,School Name,City,Latitude,Longitude,Student Enrollment,Percent White,Percent Black,Percent Hispanic,Percent Asian,Average Score (SAT Math),Average Score (SAT Reading),Average Score (SAT Writing),Percent Tested,Total Average Score,No of White,No of Black,No of Hispanic,No of Asian,Distance
2,"New Explorations into Science, Technology and Math High School",Manhattan,40.71873,-73.97943,1735.0,28.6%,13.3%,18.0%,38.5%,657.0,601.0,601.0,91.0%,1859.0,496.0,231.0,312.0,668.0,2.339633144065355
3,Essex Street Academy,Manhattan,40.71687,-73.98953,358.0,11.7%,38.5%,41.3%,5.9%,395.0,411.0,387.0,78.9%,1193.0,42.0,138.0,148.0,21.0,1.463214287713737
4,Lower Manhattan Arts Academy,Manhattan,40.71687,-73.98953,383.0,3.1%,28.2%,56.9%,8.6%,418.0,428.0,415.0,65.1%,1261.0,12.0,108.0,218.0,33.0,1.463214287713737
5,High School for Dual Language and Asian Studies,Manhattan,40.71687,-73.98953,416.0,1.7%,3.1%,5.5%,88.9%,613.0,453.0,463.0,95.9%,1529.0,7.0,13.0,23.0,370.0,1.463214287713737
6,Henry Street School for International Studies,Manhattan,40.71376,-73.98526,255.0,3.9%,24.4%,56.6%,13.2%,410.0,406.0,381.0,59.7%,1197.0,10.0,62.0,144.0,34.0,1.755742966150478
7,Bard High School Early College,Manhattan,40.71896,-73.97607,545.0,45.3%,17.2%,18.7%,17.1%,634.0,641.0,639.0,70.8%,1914.0,247.0,94.0,102.0,93.0,2.6198311729465007
8,Urban Assembly Academy of Government and Law,Manhattan,40.71687,-73.98953,329.0,2.7%,41.9%,49.2%,5.8%,389.0,395.0,381.0,80.8%,1165.0,9.0,138.0,162.0,19.0,1.463214287713737
9,Marta Valle High School,Manhattan,40.72057,-73.98567,363.0,2.5%,39.9%,51.2%,5.8%,438.0,413.0,394.0,35.6%,1245.0,9.0,145.0,186.0,21.0,1.9223013995282752
10,University Neighborhood High School,Manhattan,40.71233,-73.9848,304.0,3.3%,25.0%,41.1%,29.9%,437.0,355.0,352.0,69.9%,1144.0,10.0,76.0,125.0,91.0,1.7921522135519194
11,New Design High School,Manhattan,40.71687,-73.98953,441.0,3.9%,30.8%,56.9%,5.9%,381.0,396.0,372.0,73.7%,1149.0,17.0,136.0,251.0,26.0,1.463214287713737
12,Pace High School,Manhattan,40.71641,-73.99268,423.0,1.9%,28.1%,45.4%,13.7%,430.0,435.0,427.0,87.8%,1292.0,8.0,119.0,192.0,58.0,1.1947636879507313
13,High School for Health Professions and Human Services,Manhattan,40.73249,-73.98305,1664.0,7.3%,18.9%,50.9%,22.4%,452.0,445.0,430.0,86.9%,1327.0,121.0,314.0,847.0,373.0,2.9224310002796097
14,High School for Language and Diplomacy,Manhattan,40.73552,-73.9876,437.0,5.7%,20.4%,40.3%,31.1%,446.0,433.0,411.0,70.2%,1290.0,25.0,89.0,176.0,136.0,2.9634762587273555
17,International High School at Union Square,Manhattan,40.73552,-73.9876,353.0,9.9%,14.2%,45.3%,30.6%,403.0,330.0,316.0,53.2%,1049.0,35.0,50.0,160.0,108.0,2.9634762587273555
18,Institute for Collaborative Education,Manhattan,40.73249,-73.98305,482.0,56.5%,14.1%,14.9%,5.8%,501.0,550.0,541.0,78.6%,1592.0,272.0,68.0,72.0,28.0,2.9224310002796097
19,Gramercy Arts High School,Manhattan,40.73552,-73.9876,530.0,5.8%,42.5%,44.2%,3.6%,446.0,459.0,455.0,79.6%,1360.0,31.0,225.0,234.0,19.0,2.9634762587273555
20,Urban Assembly New York Harbor School,Manhattan,40.69079,-74.01976,447.0,18.8%,23.7%,51.7%,2.9%,446.0,453.0,428.0,78.8%,1327.0,84.0,106.0,231.0,13.0,2.706715193462659
21,Richard R. Green High School of Teaching,Manhattan,40.70523,-74.01332,566.0,2.7%,31.1%,58.8%,6.2%,411.0,415.0,409.0,60.0%,1235.0,15.0,176.0,333.0,35.0,1.043693959744162
22,Millennium High School,Manhattan,40.70492,-74.01151,659.0,32.8%,7.6%,18.2%,38.4%,577.0,560.0,567.0,94.0%,1704.0,216.0,50.0,120.0,253.0,0.9912273506169453
23,Urban Assembly School of Business for Young Women,Manhattan,40.70523,-74.01332,405.0,2.2%,52.8%,39.3%,3.5%,418.0,420.0,417.0,75.0%,1255.0,9.0,214.0,159.0,14.0,1.043693959744162
24,High School of Economics and Finance,Manhattan,40.70922,-74.01203,796.0,7.2%,22.9%,47.1%,21.7%,469.0,442.0,447.0,66.8%,1358.0,57.0,182.0,375.0,173.0,0.6462848337824694
25,Leadership and Public Service High School,Manhattan,40.70915,-74.01208,699.0,4.4%,27.9%,61.9%,3.9%,390.0,396.0,392.0,54.9%,1178.0,31.0,195.0,433.0,27.0,0.6544073913771505
26,East Side Community School,Manhattan,40.72978,-73.98304,666.0,8.3%,22.1%,57.9%,9.4%,454.0,428.0,445.0,85.2%,1327.0,55.0,147.0,386.0,63.0,2.705282178363147
27,Baruch College Campus High School,Manhattan,40.74405,-73.99148,451.0,22.8%,6.2%,14.9%,54.8%,592.0,526.0,531.0,94.3%,1649.0,103.0,28.0,67.0,247.0,3.680683709459083
29,School of the Future High School,Manhattan,40.73895,-73.98541,713.0,35.9%,11.7%,30.4%,14.4%,534.0,533.0,522.0,89.9%,1589.0,256.0,83.0,217.0,103.0,3.385058536770201
30,Manhattan Village Academy,Manhattan,40.74149,-73.99145,415.0,7.2%,9.6%,67.2%,7.2%,522.0,479.0,510.0,98.8%,1511.0,30.0,40.0,279.0,30.0,3.4148848924201514
32,NYC Lab School for Collaborative Studies,Manhattan,40.7421,-74.00207,587.0,46.0%,6.0%,15.5%,27.6%,595.0,550.0,555.0,79.8%,1700.0,270.0,35.0,91.0,162.0,3.2706204862735286
34,Hudson High School of Learning Technologies,Manhattan,40.74289,-74.00213,483.0,3.3%,29.2%,59.4%,6.4%,378.0,407.0,388.0,71.8%,1173.0,16.0,141.0,287.0,31.0,3.357410192050458
35,Manhattan Business Academy,Manhattan,40.74289,-74.00213,438.0,3.9%,28.1%,62.1%,3.4%,410.0,407.0,399.0,69.7%,1216.0,17.0,123.0,272.0,15.0,3.357410192050458
37,Landmark High School,Manhattan,40.74289,-74.00213,355.0,1.7%,24.2%,68.5%,3.7%,386.0,386.0,386.0,30.6%,1158.0,6.0,86.0,243.0,13.0,3.357410192050458
38,High School of Fashion Industries,Manhattan,40.74511,-73.99591,1770.0,3.8%,36.3%,53.8%,5.0%,433.0,442.0,427.0,80.6%,1302.0,67.0,643.0,952.0,88.0,3.687843740939867
39,NYC Museum School,Manhattan,40.7421,-74.00207,471.0,12.1%,12.7%,39.7%,34.2%,560.0,530.0,522.0,90.0%,1612.0,57.0,60.0,187.0,161.0,3.2706204862735286
40,Chelsea Career and Technical Education High School,Manhattan,40.72435,-74.00476,439.0,3.2%,28.9%,57.4%,8.2%,439.0,418.0,400.0,80.4%,1257.0,14.0,127.0,252.0,36.0,1.2868818176460557
41,NYC iSchool,Manhattan,40.72435,-74.00476,442.0,28.7%,19.9%,39.8%,8.6%,518.0,515.0,503.0,96.0%,1536.0,127.0,88.0,176.0,38.0,1.2868818176460557
43,Manhattan Academy for Arts and Language,Manhattan,40.74611,-73.98101,334.0,1.5%,4.8%,91.3%,2.4%,350.0,334.0,321.0,46.1%,1005.0,5.0,16.0,305.0,8.0,4.259064219308364
44,Unity Center for Urban Technologies,Manhattan,40.74611,-73.98101,284.0,4.9%,27.5%,58.8%,6.0%,375.0,385.0,387.0,62.8%,1147.0,14.0,78.0,167.0,17.0,4.259064219308364
45,Business of Sports School,Manhattan,40.76336,-73.99051,449.0,1.6%,35.4%,59.5%,2.2%,395.0,386.0,371.0,67.5%,1152.0,7.0,159.0,267.0,10.0,5.765065162359108
46,Facing History School,Manhattan,40.76503,-73.99252,406.0,2.2%,27.3%,67.5%,1.7%,366.0,356.0,371.0,57.3%,1093.0,9.0,111.0,274.0,7.0,5.910784757236161
47,High School of Hospitality Management,Manhattan,40.76503,-73.99252,424.0,1.7%,21.0%,71.2%,5.0%,451.0,433.0,424.0,56.2%,1308.0,7.0,89.0,302.0,21.0,5.910784757236161
48,Urban Assembly School of Design and Construction,Manhattan,40.76503,-73.99252,414.0,3.4%,29.5%,59.2%,6.0%,445.0,417.0,403.0,60.6%,1265.0,14.0,122.0,245.0,25.0,5.910784757236161
50,High School for Environmental Studies,Manhattan,40.76776,-73.98751,1301.0,6.6%,14.7%,62.9%,15.1%,469.0,454.0,444.0,74.0%,1367.0,86.0,191.0,818.0,196.0,6.299895810411951
51,Art and Design High School,Manhattan,40.7654,-73.98177,1476.0,10.8%,24.1%,54.7%,8.5%,455.0,475.0,458.0,70.1%,1388.0,159.0,356.0,807.0,125.0,6.189337272016035
52,Manhattan Bridges High School,Manhattan,40.76503,-73.99252,529.0,0.0%,0.0%,100.0%,0.0%,409.0,360.0,347.0,84.4%,1116.0,0.0,0.0,529.0,0.0,5.910784757236161
53,Urban Assembly Gateway School for Technology,Manhattan,40.76336,-73.99051,472.0,5.7%,30.3%,53.8%,7.8%,445.0,432.0,415.0,78.4%,1292.0,27.0,143.0,254.0,37.0,5.765065162359108
54,Food and Finance High School,Manhattan,40.76503,-73.99252,427.0,3.0%,39.6%,52.2%,4.7%,428.0,435.0,421.0,52.0%,1284.0,13.0,169.0,223.0,20.0,5.910784757236161
55,Eleanor Roosevelt High School,Manhattan,40.77012,-73.95338,541.0,61.4%,4.4%,10.9%,20.1%,641.0,617.0,631.0,86.0%,1889.0,332.0,24.0,59.0,109.0,7.763404831335598
56,"High School for Arts, Imagination, and Inquiry",Manhattan,40.7743,-73.98482,447.0,0.9%,38.5%,58.8%,0.4%,375.0,389.0,380.0,58.8%,1144.0,4.0,172.0,263.0,2.0,7.0599064286743785
57,Urban Assembly School for Media Studies,Manhattan,40.7743,-73.98482,412.0,1.7%,36.4%,57.8%,1.9%,392.0,419.0,396.0,49.5%,1207.0,7.0,150.0,238.0,8.0,7.0599064286743785
58,Beacon High School,Manhattan,40.77216,-73.9878,1285.0,51.8%,13.7%,23.8%,8.9%,583.0,586.0,595.0,82.8%,1764.0,666.0,176.0,306.0,114.0,6.768727923467764
59,Fiorello H. LaGuardia High School of Music and Art and Performing Arts,Manhattan,40.77367,-73.98527,2635.0,45.3%,11.3%,19.4%,19.4%,592.0,592.0,597.0,88.5%,1781.0,1194.0,298.0,511.0,511.0,6.9826259507588135
60,High School of Arts and Technology,Manhattan,40.7743,-73.98482,594.0,2.9%,32.5%,59.3%,3.9%,421.0,428.0,406.0,44.4%,1255.0,17.0,193.0,352.0,23.0,7.0599064286743785
61,Manhattan / Hunter Science High School,Manhattan,40.7743,-73.98482,451.0,13.1%,16.4%,37.9%,25.9%,581.0,531.0,535.0,97.2%,1647.0,59.0,74.0,171.0,117.0,7.0599064286743785
63,"High School for Law, Advocacy, and Community Justice",Manhattan,40.7743,-73.98482,510.0,2.2%,42.0%,52.7%,2.4%,415.0,417.0,402.0,60.5%,1234.0,11.0,214.0,269.0,12.0,7.0599064286743785
64,Urban Assembly School for Green Careers,Manhattan,40.78574,-73.97442,353.0,2.8%,23.2%,72.0%,1.1%,393.0,371.0,378.0,60.0%,1142.0,10.0,82.0,254.0,4.0,8.527704375500209
65,Frank McCourt High School,Manhattan,40.78574,-73.97442,387.0,31.8%,15.8%,40.1%,8.8%,489.0,491.0,500.0,89.1%,1480.0,123.0,61.0,155.0,34.0,8.527704375500209
66,Global Learning Collaborative,Manhattan,40.78574,-73.97442,496.0,5.4%,25.0%,66.3%,2.4%,406.0,407.0,413.0,59.4%,1226.0,27.0,124.0,329.0,12.0,8.527704375500209
67,Wadleigh Secondary School for the Performing and Visual Arts,Manhattan,40.80217,-73.95401,445.0,1.0%,52.0%,44.2%,1.8%,381.0,401.0,392.0,52.6%,1174.0,4.0,231.0,197.0,8.0,10.852132018543871
68,Frederick Douglass Academy II Secondary School,Manhattan,40.80217,-73.95401,411.0,1.9%,67.8%,26.3%,2.2%,390.0,384.0,373.0,63.8%,1147.0,8.0,279.0,108.0,9.0,10.852132018543871
69,Columbia Secondary School,Manhattan,40.81092,-73.95693,659.0,14.8%,22.0%,48.1%,13.7%,583.0,561.0,546.0,88.2%,1690.0,98.0,145.0,317.0,90.0,11.657336276974153
70,Academy for Social Action (College Board),Manhattan,40.81523,-73.9552,234.0,2.8%,46.5%,49.3%,0.5%,357.0,349.0,365.0,54.0%,1071.0,7.0,109.0,115.0,1.0,12.156627595320513
71,Urban Assembly School for the Performing Arts,Manhattan,40.81523,-73.9552,358.0,1.4%,52.2%,43.0%,0.8%,379.0,399.0,388.0,76.7%,1166.0,5.0,187.0,154.0,3.0,12.156627595320513
72,Heritage School,Manhattan,40.79188,-73.94659,322.0,1.9%,32.3%,63.7%,1.2%,385.0,380.0,370.0,56.8%,1135.0,6.0,104.0,205.0,4.0,10.113901975585001
73,Central Park East High School,Manhattan,40.79368,-73.94942,466.0,3.9%,24.5%,63.3%,7.3%,483.0,468.0,439.0,97.9%,1390.0,18.0,114.0,295.0,34.0,10.173501681605511
74,Park East High School,Manhattan,40.79056,-73.94445,413.0,1.7%,27.6%,63.7%,4.8%,429.0,433.0,435.0,89.6%,1297.0,7.0,114.0,263.0,20.0,10.078915538251083
75,Young Women's Leadership School,Manhattan,40.79271,-73.9473,480.0,3.4%,27.9%,57.4%,8.9%,478.0,465.0,472.0,100.0%,1415.0,16.0,134.0,276.0,43.0,10.16464503965368
76,Manhattan Center for Science and Mathematics,Manhattan,40.79374,-73.93408,1603.0,4.2%,20.9%,54.1%,19.2%,556.0,505.0,495.0,87.6%,1556.0,67.0,335.0,867.0,308.0,10.847919664726051
78,Mott Hall High School,Manhattan,40.81736,-73.94771,428.0,0.7%,38.3%,59.1%,0.9%,416.0,445.0,440.0,36.9%,1301.0,3.0,164.0,253.0,4.0,12.611305877911652
79,Thurgood Marshall Academy for Learning and Social Change,Manhattan,40.81536,-73.9439,561.0,0.8%,77.6%,19.6%,1.3%,402.0,394.0,400.0,84.7%,1196.0,4.0,435.0,110.0,7.0,12.538236576511501
80,"High School for Mathematics, Science, and Engineering at City College",Manhattan,40.82112,-73.94885,470.0,26.8%,9.6%,21.7%,38.5%,683.0,610.0,596.0,92.6%,1889.0,126.0,45.0,102.0,181.0,12.96057454005621
81,A. Philip Randolph Campus High School,Manhattan,40.81832,-73.95061,1354.0,1.7%,32.0%,59.7%,4.9%,459.0,453.0,447.0,74.0%,1359.0,23.0,433.0,808.0,66.0,12.616718929157717
82,Gregorio Luperon High School for Science and Mathematics,Manhattan,40.83803,-73.93837,504.0,0.0%,0.0%,100.0%,0.0%,383.0,355.0,352.0,71.0%,1090.0,0.0,0.0,504.0,0.0,15.033089710028921
83,Community Health Academy of the Heights,Manhattan,40.83356,-73.9418,629.0,2.7%,4.9%,91.8%,0.0%,387.0,389.0,385.0,55.3%,1161.0,17.0,31.0,577.0,0.0,14.464200547188344
84,Washington Heights Expeditionary Learning School,Manhattan,40.84888,-73.93081,705.0,0.5%,3.8%,94.8%,0.3%,443.0,423.0,434.0,87.0%,1300.0,4.0,27.0,668.0,2.0,16.39043654591644
87,Coalition School for Social Change,Manhattan,40.79887,-73.93337,283.0,3.5%,41.0%,50.2%,4.2%,344.0,368.0,367.0,40.5%,1079.0,10.0,116.0,142.0,12.0,11.356582281702586
88,Repertory Company High School for Theatre Arts,Manhattan,40.75594,-73.98457,246.0,8.5%,37.4%,50.4%,1.6%,425.0,451.0,458.0,89.5%,1334.0,21.0,92.0,124.0,4.0,5.121252432084293
89,Professional Performing Arts High School,Manhattan,40.76143,-73.98802,536.0,42.9%,26.2%,22.3%,2.5%,496.0,520.0,516.0,72.2%,1532.0,230.0,140.0,120.0,13.0,5.609801780550843
90,Jacqueline Kennedy Onassis High School,Manhattan,40.75776,-73.98319,676.0,3.6%,21.3%,70.1%,4.0%,418.0,422.0,415.0,53.8%,1255.0,24.0,144.0,474.0,27.0,5.351642367752237
92,Murry Bergtraum High School for Business Careers,Manhattan,40.71068,-74.00081,971.0,3.0%,46.1%,40.7%,8.9%,418.0,415.0,398.0,44.3%,1231.0,29.0,448.0,395.0,86.0,0.49775222162699445
95,Frederick Douglass Academy,Manhattan,40.82431,-73.93698,1428.0,1.4%,70.4%,23.2%,1.7%,463.0,452.0,450.0,65.1%,1365.0,20.0,1005.0,331.0,24.0,13.685716523871761
96,High School for Media and Communications,Manhattan,40.85594,-73.92703,479.0,1.3%,13.8%,82.5%,1.9%,378.0,381.0,383.0,33.0%,1142.0,6.0,66.0,395.0,9.0,17.236714030493932
97,College Academy,Manhattan,40.85594,-73.92703,491.0,0.6%,9.0%,89.2%,0.2%,367.0,377.0,363.0,41.9%,1107.0,3.0,44.0,438.0,1.0,17.236714030493932
98,High School for Law and Public Service,Manhattan,40.85594,-73.92703,671.0,1.6%,16.8%,80.8%,0.4%,401.0,394.0,381.0,44.1%,1176.0,11.0,113.0,542.0,3.0,17.236714030493932
99,City College Academy of the Arts,Manhattan,40.86111,-73.93045,587.0,1.2%,3.8%,94.1%,0.9%,495.0,445.0,450.0,95.3%,1390.0,7.0,22.0,552.0,5.0,17.661203309695992
100,High School for Health Careers and Sciences,Manhattan,40.85594,-73.92703,605.0,1.5%,15.9%,79.8%,1.3%,374.0,385.0,389.0,56.2%,1148.0,9.0,96.0,483.0,8.0,17.236714030493932
101,Manhattan International High School,Manhattan,40.76545,-73.96021,343.0,12.2%,16.6%,41.1%,29.4%,438.0,358.0,382.0,58.6%,1178.0,42.0,57.0,141.0,101.0,7.010225972503533
102,Talent Unlimited High School,Manhattan,40.76545,-73.96021,506.0,20.4%,33.4%,39.9%,4.9%,485.0,498.0,496.0,89.3%,1479.0,103.0,169.0,202.0,25.0,7.010225972503533
103,Vanguard High School,Manhattan,40.76545,-73.96021,486.0,4.7%,27.4%,57.0%,7.6%,431.0,409.0,396.0,63.8%,1236.0,23.0,133.0,277.0,37.0,7.010225972503533
104,Life Sciences Secondary School,Manhattan,40.78364,-73.94574,697.0,3.2%,28.3%,62.2%,4.3%,435.0,440.0,425.0,63.0%,1300.0,22.0,197.0,434.0,30.0,9.369388798324525
105,Stuyvesant High School,Manhattan,40.71775,-74.01405,3296.0,20.4%,0.8%,2.6%,73.4%,754.0,697.0,693.0,97.4%,2144.0,672.0,26.0,86.0,2419.0,0.8745416542921328
106,Ralph R. McKee Career and Technical Education High School,Staten Island,40.64274,-74.07871,624.0,19.7%,30.8%,42.5%,4.8%,420.0,429.0,409.0,38.0%,1258.0,123.0,192.0,265.0,30.0,9.91544410931033
107,Michael J. Petrides School,Staten Island,40.60745,-74.10148,1327.0,49.8%,22.3%,20.2%,6.9%,483.0,473.0,470.0,79.2%,1426.0,661.0,296.0,268.0,92.0,14.214706329747926
108,Curtis High School,Staten Island,40.64474,-74.08134,2499.0,17.7%,38.4%,36.0%,7.1%,453.0,458.0,444.0,64.2%,1355.0,442.0,960.0,900.0,177.0,9.883898028986408
109,Port Richmond High School,Staten Island,40.63384,-74.14211,1628.0,21.7%,27.9%,42.8%,7.0%,432.0,427.0,425.0,44.6%,1284.0,353.0,454.0,697.0,114.0,14.46780020240088
110,Staten Island Technical High School,Staten Island,40.56791,-74.11536,1247.0,52.2%,1.0%,5.2%,41.1%,711.0,660.0,670.0,99.7%,2041.0,651.0,12.0,65.0,513.0,18.559450613928274
111,New Dorp High School,Staten Island,40.56918,-74.1073,2791.0,51.8%,12.1%,27.8%,7.5%,454.0,446.0,444.0,63.7%,1344.0,1446.0,338.0,776.0,209.0,18.104803645672632
112,Tottenville High School,Staten Island,40.52823,-74.19215,3982.0,79.9%,1.8%,11.8%,5.1%,494.0,476.0,476.0,78.9%,1446.0,3182.0,72.0,470.0,203.0,25.849208394268782
113,Susan E. Wagner High School,Staten Island,40.59865,-74.1231,3363.0,47.7%,10.9%,27.0%,13.4%,496.0,490.0,487.0,66.3%,1473.0,1604.0,367.0,908.0,451.0,16.08594573060552
114,Gaynor McCown Expeditionary Learning School,Staten Island,40.58202,-74.15785,479.0,61.6%,13.8%,19.0%,3.3%,442.0,458.0,454.0,55.8%,1354.0,295.0,66.0,91.0,16.0,19.387420032253832
115,CSI High School for International Studies,Staten Island,40.58202,-74.15785,520.0,55.6%,8.8%,19.8%,11.2%,477.0,468.0,464.0,83.5%,1409.0,289.0,46.0,103.0,58.0,19.387420032253832
117,New Explorers High School,Bronx,40.82278,-73.92352,475.0,0.4%,31.4%,67.6%,0.4%,390.0,398.0,376.0,30.4%,1164.0,2.0,149.0,321.0,2.0,14.059041134088673
118,"Bronx School for Law, Government, and Justice",Bronx,40.82759,-73.91867,778.0,1.0%,23.1%,72.0%,2.2%,403.0,409.0,415.0,63.8%,1227.0,8.0,180.0,560.0,17.0,14.726040330604151
119,Urban Assembly School for Careers in Sports,Bronx,40.82278,-73.92352,587.0,1.4%,28.6%,69.5%,0.2%,402.0,405.0,395.0,55.5%,1202.0,8.0,168.0,408.0,1.0,14.059041134088673
120,Bronx Leadership Academy II High School,Bronx,40.82278,-73.92352,495.0,0.8%,32.3%,63.4%,2.2%,384.0,355.0,361.0,61.3%,1100.0,4.0,160.0,314.0,11.0,14.059041134088673
121,Urban Assembly Bronx Academy of Letters,Bronx,40.81336,-73.92554,591.0,1.5%,30.4%,66.9%,0.9%,398.0,400.0,405.0,57.8%,1203.0,9.0,180.0,395.0,5.0,13.071300235502653
122,Health Opportunities High School,Bronx,40.81608,-73.93032,554.0,1.8%,36.1%,57.9%,3.1%,374.0,386.0,382.0,57.9%,1142.0,10.0,200.0,321.0,17.0,13.129115044318366
123,Community School for Social Justice,Bronx,40.81608,-73.93032,324.0,1.2%,29.6%,67.3%,1.5%,380.0,382.0,362.0,38.4%,1124.0,4.0,96.0,218.0,5.0,13.129115044318366
124,Alfred E. Smith Career and Technical Education High School,Bronx,40.81825,-73.91974,375.0,0.8%,29.1%,68.3%,1.1%,390.0,373.0,371.0,29.8%,1134.0,3.0,109.0,256.0,4.0,13.790291243553304
126,Academy for Language and Technology,Bronx,40.8491,-73.91609,322.0,0.0%,0.3%,99.7%,0.0%,371.0,334.0,348.0,78.9%,1053.0,0.0,1.0,321.0,0.0,16.93228627586193
128,South Bronx Preparatory (College Board),Bronx,40.81401,-73.92084,654.0,1.4%,25.2%,70.3%,1.7%,419.0,414.0,394.0,76.9%,1227.0,9.0,165.0,460.0,11.0,13.342614267569846
129,International Community High School,Bronx,40.81004,-73.91781,463.0,1.3%,14.0%,76.7%,6.5%,345.0,338.0,312.0,58.2%,995.0,6.0,65.0,355.0,30.0,13.117071580444584
131,Hostos-Lincoln Academy of Science,Bronx,40.81496,-73.91252,544.0,1.5%,22.5%,69.9%,3.8%,463.0,451.0,435.0,80.0%,1349.0,8.0,122.0,380.0,21.0,13.820392002105766
133,University Heights Secondary School,Bronx,40.81817,-73.91109,486.0,1.6%,30.0%,64.6%,3.1%,420.0,446.0,424.0,87.8%,1290.0,8.0,146.0,314.0,15.0,14.182242710270069
134,Mott Haven Village Preparatory High School,Bronx,40.81817,-73.91109,364.0,0.5%,25.3%,73.6%,0.3%,377.0,373.0,369.0,44.9%,1119.0,2.0,92.0,268.0,1.0,14.182242710270069
135,High School for Violin and Dance,Bronx,40.8276,-73.90448,384.0,0.3%,34.1%,64.6%,0.5%,363.0,401.0,396.0,31.3%,1160.0,1.0,131.0,248.0,2.0,15.361825469684439
136,Bronx International High School,Bronx,40.8276,-73.90448,409.0,1.7%,20.0%,74.1%,3.4%,355.0,330.0,320.0,59.1%,1005.0,7.0,82.0,303.0,14.0,15.361825469684439
138,Bronx Career and College Preparatory High School,Bronx,40.82776,-73.90039,333.0,0.6%,40.5%,56.8%,0.9%,370.0,379.0,381.0,40.7%,1130.0,2.0,135.0,189.0,3.0,15.571682321821857
139,Bronx Center for Science and Mathematics,Bronx,40.83374,-73.90245,457.0,1.5%,25.4%,65.9%,6.3%,513.0,468.0,485.0,73.9%,1466.0,7.0,116.0,301.0,29.0,16.024854277731393
140,Bronx Early College Academy for Teaching and Learning,Bronx,40.82871,-73.91776,503.0,0.4%,28.7%,67.4%,3.6%,424.0,413.0,409.0,93.3%,1246.0,2.0,144.0,339.0,18.0,14.872140396303383
141,Eximius College Preparatory Academy (College Board),Bronx,40.83374,-73.90245,449.0,0.7%,45.2%,52.1%,1.1%,400.0,391.0,397.0,78.2%,1188.0,3.0,203.0,234.0,5.0,16.024854277731393
142,Bronx Latin,Bronx,40.82776,-73.90039,546.0,0.0%,21.2%,77.1%,1.7%,394.0,381.0,363.0,81.0%,1138.0,0.0,116.0,421.0,9.0,15.571682321821857
143,School for Excellence,Bronx,40.8276,-73.90448,421.0,1.0%,26.6%,70.8%,0.7%,377.0,385.0,383.0,38.4%,1145.0,4.0,112.0,298.0,3.0,15.361825469684439
144,Morris Academy for Collaborative Studies,Bronx,40.8276,-73.90448,471.0,0.4%,26.3%,72.0%,0.8%,407.0,389.0,386.0,44.8%,1182.0,2.0,124.0,339.0,4.0,15.361825469684439
145,Frederick Douglass Academy III Secondary School,Bronx,40.83417,-73.90403,427.0,2.3%,50.4%,45.4%,0.7%,387.0,386.0,386.0,50.5%,1159.0,10.0,215.0,194.0,3.0,15.99268720286308
147,Urban Assembly School for Applied Math and Science,Bronx,40.83933,-73.90131,619.0,1.1%,33.0%,64.1%,1.4%,445.0,418.0,422.0,87.8%,1285.0,7.0,204.0,397.0,9.0,16.59943078876656
148,Bronx Collegiate Academy,Bronx,40.84037,-73.91084,382.0,0.3%,28.5%,69.1%,1.0%,395.0,401.0,382.0,45.5%,1178.0,1.0,109.0,264.0,4.0,16.28575795668693
149,Mott Hall Bronx High School,Bronx,40.83933,-73.90131,402.0,1.2%,20.1%,75.6%,1.2%,417.0,399.0,398.0,46.2%,1214.0,5.0,81.0,304.0,5.0,16.59943078876656
152,Bronx Leadership Academy High School,Bronx,40.84358,-73.90322,686.0,0.6%,35.7%,61.7%,0.4%,375.0,372.0,374.0,49.1%,1121.0,4.0,245.0,423.0,3.0,16.917396221567177
153,Validus Preparatory Academy: An Expeditionary Learning School,Bronx,40.83933,-73.90131,375.0,0.8%,26.9%,70.7%,1.6%,382.0,375.0,384.0,59.2%,1141.0,3.0,101.0,265.0,6.0,16.59943078876656
154,Bronx High School for Medical Science,Bronx,40.84037,-73.91084,472.0,0.7%,36.7%,53.4%,7.1%,431.0,421.0,426.0,83.9%,1278.0,3.0,173.0,252.0,34.0,16.28575795668693
155,Eagle Academy for Young Men,Bronx,40.84519,-73.89698,608.0,0.5%,60.7%,36.0%,0.3%,398.0,410.0,397.0,65.7%,1205.0,3.0,369.0,219.0,2.0,17.344727723850756
156,Bronx High School of Business,Bronx,40.84037,-73.91084,339.0,1.2%,33.3%,63.1%,1.5%,365.0,360.0,346.0,33.3%,1071.0,4.0,113.0,214.0,5.0,16.28575795668693
157,DreamYard Preparatory School,Bronx,40.84037,-73.91084,336.0,1.2%,33.6%,60.7%,1.5%,385.0,385.0,388.0,51.1%,1158.0,4.0,113.0,204.0,5.0,16.28575795668693
158,Theatre Arts Production Company School,Bronx,40.85465,-73.89665,632.0,0.7%,29.2%,66.6%,1.2%,402.0,421.0,410.0,77.7%,1233.0,4.0,185.0,421.0,8.0,18.25745021065333
159,West Bronx Academy for the Future,Bronx,40.86001,-73.88823,599.0,3.0%,21.1%,72.0%,2.7%,404.0,383.0,378.0,57.3%,1165.0,18.0,126.0,431.0,16.0,19.132668558979454
161,Bronx High School for Law and Community Service,Bronx,40.86001,-73.88823,398.0,1.8%,24.4%,70.9%,1.3%,401.0,402.0,386.0,64.8%,1189.0,7.0,97.0,282.0,5.0,19.132668558979454
163,Belmont Preparatory High School,Bronx,40.86001,-73.88823,416.0,1.9%,30.0%,65.6%,2.2%,413.0,408.0,402.0,55.3%,1223.0,8.0,125.0,273.0,9.0,19.132668558979454
164,Fordham High School for the Arts,Bronx,40.86001,-73.88823,401.0,2.5%,30.9%,65.1%,1.0%,398.0,404.0,412.0,56.2%,1214.0,10.0,124.0,261.0,4.0,19.132668558979454
166,Knowledge and Power Preparatory Academy International High School (KAPPA),Bronx,40.86001,-73.88823,487.0,2.1%,32.2%,61.4%,2.5%,408.0,417.0,404.0,66.7%,1229.0,10.0,157.0,299.0,12.0,19.132668558979454
167,Fordham Leadership Academy for Business and Technology,Bronx,40.86001,-73.88823,438.0,2.7%,27.6%,67.8%,1.8%,355.0,373.0,368.0,44.3%,1096.0,12.0,121.0,297.0,8.0,19.132668558979454
168,Metropolitan High School,Bronx,40.82523,-73.89395,326.0,0.3%,21.5%,74.8%,0.9%,387.0,388.0,386.0,65.9%,1161.0,1.0,70.0,244.0,3.0,15.664526369053359
169,Holcombe L. Rucker School of Community Research,Bronx,40.81744,-73.89805,236.0,0.4%,43.2%,54.7%,0.4%,376.0,372.0,369.0,59.0%,1117.0,1.0,102.0,129.0,1.0,14.768354098266956
170,Banana Kelly High School,Bronx,40.81744,-73.89805,325.0,1.2%,37.2%,60.6%,0.0%,378.0,391.0,378.0,25.7%,1147.0,4.0,121.0,197.0,0.0,14.768354098266956
171,Bronx Studio School for Writers and Artists,Bronx,40.82062,-73.89307,565.0,0.6%,20.3%,76.9%,1.2%,417.0,412.0,403.0,71.6%,1232.0,3.0,115.0,434.0,7.0,15.30599544400936
172,Peace and Diversity Academy,Bronx,40.82523,-73.89395,170.0,1.8%,44.1%,52.4%,0.6%,366.0,362.0,365.0,27.1%,1093.0,3.0,75.0,89.0,1.0,15.664526369053359
173,East Bronx Academy for the Future,Bronx,40.83695,-73.88796,618.0,0.5%,25.4%,71.0%,3.0%,418.0,406.0,408.0,41.1%,1232.0,3.0,157.0,439.0,19.0,17.011103556081316
174,Bronx Envision Academy,Bronx,40.83594,-73.89047,355.0,2.0%,34.4%,60.3%,2.0%,364.0,385.0,366.0,76.5%,1115.0,7.0,122.0,214.0,7.0,16.796451356973055
175,Fannie Lou Hamer Freedom High School,Bronx,40.83081,-73.88602,470.0,0.2%,28.5%,70.4%,0.4%,345.0,347.0,339.0,75.0%,1031.0,1.0,134.0,331.0,2.0,16.563267042214513
176,Explorations Academy,Bronx,40.83594,-73.89047,358.0,2.0%,27.1%,69.8%,0.8%,377.0,372.0,365.0,43.0%,1114.0,7.0,97.0,250.0,3.0,16.796451356973055
177,Urban Assembly School for Wildlife Conservation,Bronx,40.84404,-73.88469,571.0,2.2%,25.3%,69.4%,2.2%,393.0,397.0,379.0,71.1%,1169.0,13.0,144.0,396.0,13.0,17.81220087121457
178,Wings Academy,Bronx,40.84181,-73.87542,501.0,1.2%,58.5%,37.9%,0.8%,379.0,372.0,373.0,49.2%,1124.0,6.0,293.0,190.0,4.0,18.076534559217567
180,Renaissance High School for Musical Theater and Technology,Bronx,40.84051,-73.83812,444.0,7.2%,27.9%,61.0%,3.2%,390.0,411.0,393.0,52.3%,1194.0,32.0,124.0,271.0,14.0,20.049531830505156
183,Herbert H. Lehman High School,Bronx,40.84051,-73.83812,1535.0,10.6%,23.6%,54.9%,9.2%,426.0,419.0,407.0,28.9%,1252.0,163.0,362.0,843.0,141.0,20.049531830505156
185,Bronx High School for the Visual Arts,Bronx,40.85143,-73.86502,483.0,6.8%,27.3%,61.5%,3.7%,408.0,428.0,404.0,32.5%,1240.0,33.0,132.0,297.0,18.0,19.458124677381686
186,In-Tech Academy,Bronx,40.88005,-73.90921,1022.0,3.4%,10.8%,82.8%,2.8%,426.0,419.0,404.0,85.9%,1249.0,35.0,110.0,846.0,29.0,20.2899913132791
187,Bronx School of Law and Finance,Bronx,40.87705,-73.91234,426.0,2.6%,30.3%,64.8%,2.1%,384.0,394.0,366.0,48.3%,1144.0,11.0,129.0,276.0,9.0,19.87904646535135
188,Bronx Engineering and Technology Academy,Bronx,40.87705,-73.91234,417.0,1.4%,34.3%,55.9%,6.7%,394.0,406.0,391.0,59.6%,1191.0,6.0,143.0,233.0,28.0,19.87904646535135
189,Bronx Theatre High School,Bronx,40.87705,-73.91234,428.0,1.6%,30.1%,67.1%,0.5%,382.0,384.0,390.0,66.7%,1156.0,7.0,129.0,287.0,2.0,19.87904646535135
190,Marble Hill High School for International Studies,Bronx,40.87705,-73.91234,449.0,5.1%,24.5%,61.0%,8.9%,451.0,417.0,423.0,92.9%,1291.0,23.0,110.0,274.0,40.0,19.87904646535135
191,"Marie Curie School for Medicine, Nursing, and Health Professions",Bronx,40.87598,-73.90123,583.0,3.3%,35.7%,56.9%,2.7%,423.0,420.0,425.0,68.6%,1268.0,19.0,208.0,332.0,16.0,20.16331440657822
192,Riverdale/Kingsbridge Academy,Bronx,40.88837,-73.91409,1381.0,23.7%,12.3%,55.7%,7.7%,496.0,485.0,476.0,69.4%,1457.0,327.0,170.0,769.0,106.0,20.983149987844506
193,New World High School,Bronx,40.88792,-73.85287,408.0,7.6%,9.3%,66.2%,13.7%,407.0,363.0,358.0,93.0%,1128.0,31.0,38.0,270.0,56.0,23.349036321776563
194,Bronxwood Preparatory Academy,Bronx,40.88792,-73.85287,423.0,3.8%,61.9%,28.8%,3.3%,392.0,408.0,392.0,43.3%,1192.0,16.0,262.0,122.0,14.0,23.349036321776563
195,Academy for Scholarship and Entrepreneurship (College Board),Bronx,40.88792,-73.85287,371.0,1.1%,63.6%,30.5%,3.2%,392.0,408.0,400.0,63.4%,1200.0,4.0,236.0,113.0,12.0,23.349036321776563
196,High School for Contemporary Arts,Bronx,40.87575,-73.86139,493.0,1.0%,38.1%,59.2%,0.8%,367.0,381.0,361.0,41.0%,1109.0,5.0,188.0,292.0,4.0,21.826605496063923
197,Bronx Aerospace High School,Bronx,40.87575,-73.86139,431.0,2.1%,29.2%,64.5%,2.3%,403.0,410.0,393.0,50.5%,1206.0,9.0,126.0,278.0,10.0,21.826605496063923
198,Bronx Academy of Health Careers,Bronx,40.87575,-73.86139,465.0,1.9%,44.7%,47.3%,4.7%,386.0,380.0,391.0,59.4%,1157.0,9.0,208.0,220.0,22.0,21.826605496063923
199,High School of Computers and Technology,Bronx,40.87575,-73.86139,567.0,1.2%,34.4%,58.0%,4.9%,396.0,399.0,377.0,65.6%,1172.0,7.0,195.0,329.0,28.0,21.826605496063923
200,Bronx Lab School,Bronx,40.87575,-73.86139,471.0,1.5%,39.9%,54.4%,3.6%,407.0,416.0,401.0,77.4%,1224.0,7.0,188.0,256.0,17.0,21.826605496063923
201,Bronx High School for Writing and Communication Arts,Bronx,40.87575,-73.86139,389.0,1.3%,45.0%,49.1%,3.3%,380.0,437.0,425.0,38.1%,1242.0,5.0,175.0,191.0,13.0,21.826605496063923
202,High School for Teaching and the Professions,Bronx,40.87038,-73.89816,486.0,2.7%,20.4%,74.5%,1.9%,372.0,361.0,369.0,46.5%,1102.0,13.0,99.0,362.0,9.0,19.72469012298151
203,Bronx High School of Science,Bronx,40.87706,-73.88978,3015.0,22.1%,2.6%,5.5%,62.8%,714.0,660.0,667.0,97.0%,2041.0,666.0,78.0,166.0,1893.0,20.710905052026167
204,Kingsbridge International High School,Bronx,40.87038,-73.89816,461.0,2.0%,5.2%,85.9%,6.5%,366.0,311.0,310.0,50.7%,987.0,9.0,24.0,396.0,30.0,19.72469012298151
205,Discovery High School,Bronx,40.87038,-73.89816,530.0,2.3%,17.4%,77.2%,2.5%,432.0,396.0,395.0,39.9%,1223.0,12.0,92.0,409.0,13.0,19.72469012298151
207,Celia Cruz Bronx High School of Music,Bronx,40.87038,-73.89816,430.0,1.2%,25.3%,70.0%,1.4%,417.0,434.0,425.0,75.6%,1276.0,5.0,109.0,301.0,6.0,19.72469012298151
208,High School of American Studies at Lehman College,Bronx,40.87126,-73.89752,376.0,50.8%,4.0%,15.2%,23.1%,669.0,672.0,672.0,91.8%,2013.0,191.0,15.0,57.0,87.0,19.836286410426688
209,DeWitt Clinton High School,Bronx,40.88008,-73.8859,2109.0,3.6%,31.6%,54.5%,8.6%,445.0,436.0,433.0,31.8%,1314.0,76.0,666.0,1149.0,181.0,21.161650623264684
210,International School for Liberal Arts,Bronx,40.87038,-73.89816,561.0,0.5%,0.0%,99.5%,0.0%,390.0,387.0,379.0,19.2%,1156.0,3.0,0.0,558.0,0.0,19.72469012298151
212,Astor Collegiate Academy,Bronx,40.8597,-73.86074,476.0,10.5%,33.4%,47.9%,6.5%,422.0,417.0,409.0,57.9%,1248.0,50.0,159.0,228.0,31.0,20.407097638730857
213,Pelham Preparatory Academy,Bronx,40.8597,-73.86074,489.0,6.5%,35.6%,48.9%,5.5%,420.0,433.0,425.0,77.0%,1278.0,32.0,174.0,239.0,27.0,20.407097638730857
214,High School of Language and Innovation,Bronx,40.8597,-73.86074,354.0,11.0%,11.9%,57.6%,16.7%,356.0,340.0,320.0,72.7%,1016.0,39.0,42.0,204.0,59.0,20.407097638730857
215,Collegiate Institute for Math and Science,Bronx,40.8597,-73.86074,687.0,9.5%,33.8%,43.5%,11.6%,488.0,461.0,458.0,79.8%,1407.0,65.0,232.0,299.0,80.0,20.407097638730857
216,Bronxdale High School,Bronx,40.8597,-73.86074,427.0,9.4%,28.8%,57.1%,3.0%,418.0,432.0,436.0,72.5%,1286.0,40.0,123.0,244.0,13.0,20.407097638730857
217,Pan American International High School at Monroe,Bronx,40.83137,-73.87882,428.0,0.0%,0.0%,100.0%,0.0%,317.0,315.0,292.0,65.6%,924.0,0.0,0.0,428.0,0.0,16.98995151423428
218,Cinema School,Bronx,40.83136,-73.87834,338.0,4.1%,21.9%,69.8%,3.8%,430.0,449.0,448.0,88.3%,1327.0,14.0,74.0,236.0,13.0,17.014731268892074
219,Monroe Academy for Visual Arts and Design,Bronx,40.83137,-73.87882,445.0,0.9%,18.0%,78.4%,1.1%,361.0,354.0,351.0,46.8%,1066.0,4.0,80.0,349.0,5.0,16.98995151423428
220,Mott Hall V,Bronx,40.83136,-73.87834,669.0,1.7%,22.2%,70.6%,4.2%,430.0,422.0,414.0,77.5%,1266.0,11.0,149.0,472.0,28.0,17.014731268892074
221,Metropolitan Soundview High School,Bronx,40.83137,-73.87882,416.0,1.7%,26.2%,67.3%,2.6%,444.0,428.0,422.0,52.0%,1294.0,7.0,109.0,280.0,11.0,16.98995151423428
222,High School of World Cultures,Bronx,40.83137,-73.87882,410.0,1.2%,8.3%,80.2%,8.0%,356.0,359.0,347.0,38.2%,1062.0,5.0,34.0,329.0,33.0,16.98995151423428
223,Millennium Art Academy,Bronx,40.8223,-73.85596,487.0,1.8%,30.0%,65.1%,2.3%,396.0,413.0,395.0,39.2%,1204.0,9.0,146.0,317.0,11.0,17.559574017520237
224,Bronx Guild,Bronx,40.8223,-73.85596,326.0,1.2%,32.2%,61.7%,4.0%,365.0,393.0,357.0,41.3%,1115.0,4.0,105.0,201.0,13.0,17.559574017520237
225,"Archimedes Academy for Math, Science, and Technology Applications",Bronx,40.81492,-73.85657,637.0,2.2%,30.9%,60.6%,5.5%,418.0,430.0,403.0,51.2%,1251.0,14.0,197.0,386.0,35.0,16.964503473744838
227,Pablo Neruda Academy,Bronx,40.8223,-73.85596,315.0,1.3%,26.0%,67.6%,4.4%,394.0,384.0,383.0,44.2%,1161.0,4.0,82.0,213.0,14.0,17.559574017520237
228,Women's Academy of Excellence,Bronx,40.81492,-73.85657,345.0,2.6%,50.1%,41.2%,3.5%,386.0,390.0,389.0,45.2%,1165.0,9.0,173.0,142.0,12.0,16.964503473744838
230,Felisa Rincon de Gautier Institute for Law and Public Policy,Bronx,40.82117,-73.88114,307.0,2.9%,25.4%,67.8%,2.0%,389.0,408.0,413.0,31.3%,1210.0,9.0,78.0,208.0,6.0,15.99880002596526
231,Antonia Pantoja Preparatory Academy (College Board),Bronx,40.8223,-73.85596,450.0,1.3%,26.2%,65.4%,6.3%,435.0,415.0,423.0,44.9%,1273.0,6.0,118.0,294.0,28.0,17.559574017520237
232,Bronx Health Sciences High School,Bronx,40.87413,-73.8338,374.0,2.7%,51.9%,34.5%,7.5%,407.0,421.0,427.0,87.1%,1255.0,10.0,194.0,129.0,28.0,23.06914310896538
233,Harry S. Truman High School,Bronx,40.87413,-73.8338,2058.0,2.2%,51.6%,42.7%,2.4%,400.0,401.0,391.0,41.5%,1192.0,45.0,1062.0,879.0,49.0,23.06914310896538
234,Queens Vocational and Technical High School,Long Island City,40.74219,-73.92824,1553.0,7.3%,5.8%,74.6%,12.1%,467.0,436.0,432.0,53.4%,1335.0,113.0,90.0,1159.0,188.0,7.335294839848694
235,High School of Applied Communication,Long Island City,40.74509,-73.93681,421.0,13.5%,12.6%,54.4%,15.9%,435.0,437.0,441.0,70.9%,1313.0,57.0,53.0,229.0,67.0,6.857319440971507
236,Middle College High School at LaGuardia Community College,Long Island City,40.74415,-73.93363,514.0,7.0%,4.7%,79.6%,8.4%,377.0,389.0,377.0,48.7%,1143.0,36.0,24.0,409.0,43.0,7.035502945730108
237,Academy for Careers in Television and Film,Long Island City,40.74114,-73.94969,515.0,20.8%,15.9%,54.2%,5.8%,444.0,458.0,444.0,95.0%,1346.0,107.0,82.0,279.0,30.0,5.703929454656143
238,Aviation Career and Technical Education High School,Long Island City,40.74359,-73.92908,2168.0,11.0%,6.3%,49.0%,30.9%,511.0,464.0,456.0,78.6%,1431.0,238.0,137.0,1062.0,670.0,7.342841995400107
239,Academy of American Studies,Long Island City,40.7513,-73.93742,874.0,28.3%,7.3%,34.3%,29.3%,495.0,482.0,479.0,84.8%,1456.0,247.0,64.0,300.0,256.0,7.200076291196921
240,Newcomers High School,Long Island City,40.75138,-73.93745,993.0,6.2%,2.4%,54.6%,36.7%,490.0,374.0,381.0,47.1%,1245.0,62.0,24.0,542.0,364.0,7.2033148435267575
241,Bard High School Early College Queens,Long Island City,40.74509,-73.93681,623.0,34.5%,11.4%,17.0%,34.2%,631.0,598.0,610.0,94.1%,1839.0,215.0,71.0,106.0,213.0,6.857319440971507
242,International High School at LaGuardia Community College,Long Island City,40.74415,-73.93363,509.0,13.0%,2.6%,45.0%,39.3%,425.0,367.0,365.0,71.7%,1157.0,66.0,13.0,229.0,200.0,7.035502945730108
243,Information Technology High School,Long Island City,40.74792,-73.94657,970.0,9.4%,14.9%,56.3%,18.2%,443.0,420.0,411.0,58.8%,1274.0,91.0,145.0,546.0,177.0,6.357311348147541
244,Robert F. Wagner Jr. Secondary School for Arts and Technology,Long Island City,40.74226,-73.93688,610.0,10.9%,4.9%,64.3%,19.2%,478.0,445.0,445.0,71.1%,1368.0,66.0,30.0,392.0,117.0,6.6932921733983415
245,Academy of Finance and Enterprise,Long Island City,40.74509,-73.93681,478.0,15.3%,7.1%,51.9%,22.0%,489.0,456.0,459.0,92.7%,1404.0,73.0,34.0,248.0,105.0,6.857319440971507
246,Young Women's Leadership School in Astoria,Astoria,40.77125,-73.9246,572.0,19.6%,4.7%,38.0%,37.7%,483.0,464.0,477.0,100.0%,1424.0,112.0,27.0,217.0,216.0,9.455129663980808
247,William Cullen Bryant High School,Astoria,40.75812,-73.91033,2496.0,16.1%,5.6%,48.7%,28.4%,466.0,424.0,426.0,56.9%,1316.0,402.0,140.0,1216.0,709.0,9.520290521256985
248,Long Island City High School,Astoria,40.76576,-73.93273,2123.0,9.0%,13.5%,60.2%,15.7%,430.0,423.0,412.0,51.6%,1265.0,191.0,287.0,1278.0,333.0,8.537522571047479
249,Frank Sinatra School of the Arts High School,Astoria,40.75653,-73.92514,808.0,38.7%,13.6%,33.4%,10.5%,536.0,543.0,543.0,89.5%,1622.0,313.0,110.0,270.0,85.0,8.380716131094053
251,Baccalaureate School for Global Education,Astoria,40.75517,-73.92682,478.0,34.5%,2.5%,21.2%,39.6%,633.0,620.0,628.0,98.5%,1881.0,165.0,12.0,101.0,189.0,8.177701934268384
252,"Science Skills Center High School for Science, Technology, and the Creative Arts",Brooklyn,40.69717,-73.98496,528.0,2.1%,70.5%,18.4%,6.8%,399.0,397.0,386.0,65.9%,1182.0,11.0,372.0,97.0,36.0,2.4847823534136633
253,Brooklyn International High School,Brooklyn,40.69717,-73.98496,345.0,13.9%,17.7%,26.7%,41.7%,432.0,334.0,333.0,92.7%,1099.0,48.0,61.0,92.0,144.0,2.4847823534136633
255,School for International Studies,Brooklyn,40.68545,-73.99349,466.0,9.9%,47.9%,36.3%,4.2%,417.0,406.0,394.0,65.1%,1217.0,46.0,223.0,169.0,20.0,3.2159389252377317
256,Brooklyn School for Global Studies,Brooklyn,40.68545,-73.99349,250.0,6.6%,54.8%,35.5%,2.4%,393.0,381.0,402.0,61.8%,1176.0,16.0,137.0,89.0,6.0,3.2159389252377317
257,"City Polytechnic High School of Engineering, Architecture, and Technology",Brooklyn,40.69494,-73.98604,458.0,3.5%,69.7%,19.7%,6.6%,503.0,477.0,427.0,18.5%,1407.0,16.0,319.0,90.0,30.0,2.6036440922166593
258,Urban Assembly Institute of Math and Science for Young Women,Brooklyn,40.69462,-73.98862,470.0,4.9%,73.6%,14.8%,3.5%,397.0,415.0,407.0,82.4%,1219.0,23.0,346.0,70.0,16.0,2.4966271571394154
259,Urban Assembly School for Law and Justice,Brooklyn,40.69462,-73.98862,448.0,0.9%,71.4%,21.9%,2.0%,446.0,443.0,430.0,87.6%,1319.0,4.0,320.0,98.0,9.0,2.4966271571394154
260,Cobble Hill School of American Studies,Brooklyn,40.68458,-73.99109,596.0,4.4%,63.8%,25.0%,4.5%,416.0,420.0,402.0,55.3%,1238.0,26.0,380.0,149.0,27.0,3.377652857522017
261,George Westinghouse Career and Technical Education High School,Brooklyn,40.69494,-73.98604,634.0,2.1%,74.4%,19.7%,2.5%,394.0,422.0,400.0,45.3%,1216.0,13.0,472.0,125.0,16.0,2.6036440922166593
262,Urban Assembly High School of Music and Art,Brooklyn,40.69717,-73.98496,387.0,0.5%,77.5%,20.7%,0.5%,372.0,372.0,361.0,55.1%,1105.0,2.0,300.0,80.0,2.0,2.4847823534136633
263,Cultural Academy for the Arts and Sciences,Brooklyn,40.64866,-73.9219,353.0,0.6%,90.4%,8.5%,0.6%,382.0,395.0,384.0,57.3%,1161.0,2.0,319.0,30.0,2.0,10.0638325497082
265,Kurt Hahn Expeditionary Learning School,Brooklyn,40.64866,-73.9219,341.0,0.3%,91.2%,6.7%,1.2%,378.0,394.0,388.0,72.6%,1160.0,1.0,311.0,23.0,4.0,10.0638325497082
266,School for Human Rights,Brooklyn,40.65952,-73.94255,424.0,1.0%,90.7%,6.5%,1.4%,398.0,411.0,400.0,60.8%,1209.0,4.0,385.0,28.0,6.0,7.985918808247899
267,It Takes a Village Academy,Brooklyn,40.64866,-73.9219,566.0,1.1%,90.3%,5.7%,0.5%,364.0,374.0,361.0,62.2%,1099.0,6.0,511.0,32.0,3.0,10.0638325497082
268,High School for Public Service: Heroes of Tomorrow,Brooklyn,40.65952,-73.94255,454.0,1.1%,75.8%,17.4%,5.3%,468.0,454.0,464.0,95.4%,1386.0,5.0,344.0,79.0,24.0,7.985918808247899
269,Arts and Media Preparatory Academy,Brooklyn,40.65846,-73.92903,279.0,1.4%,82.8%,12.5%,1.1%,370.0,383.0,374.0,64.2%,1127.0,4.0,231.0,35.0,3.0,8.874035991675894
270,School for Democracy and Leadership,Brooklyn,40.65952,-73.94255,319.0,2.3%,87.6%,7.4%,0.8%,386.0,385.0,390.0,53.5%,1161.0,7.0,279.0,24.0,3.0,7.985918808247899
271,Urban Assembly School for Criminal Justice,Brooklyn,40.63491,-73.98152,496.0,15.0%,17.5%,20.4%,46.5%,428.0,413.0,417.0,83.6%,1258.0,74.0,87.0,101.0,231.0,8.893687450347684
272,Franklin Delano Roosevelt High School,Brooklyn,40.62026,-73.98201,3220.0,18.6%,11.5%,29.3%,40.1%,504.0,411.0,407.0,54.0%,1322.0,599.0,370.0,943.0,1291.0,10.474635600967462
273,"Brooklyn Community High School of Communication, Arts, and Media",Brooklyn,40.69258,-73.95887,404.0,0.7%,78.5%,17.8%,1.2%,358.0,386.0,380.0,51.7%,1124.0,3.0,317.0,72.0,5.0,4.5723653770359105
274,Dr. Susan S. McKinney Secondary School of the Arts,Brooklyn,40.69634,-73.97577,421.0,0.7%,73.0%,22.8%,0.7%,332.0,346.0,350.0,55.1%,1028.0,3.0,307.0,96.0,3.0,3.1412878037538317
275,Benjamin Banneker Academy,Brooklyn,40.69566,-73.96929,916.0,0.5%,86.4%,8.6%,3.4%,479.0,484.0,472.0,85.5%,1435.0,5.0,791.0,79.0,31.0,3.6397100660275306
276,Juan Morel Campos Secondary School,Brooklyn,40.70358,-73.95324,692.0,2.5%,13.6%,82.7%,0.3%,366.0,356.0,353.0,56.3%,1075.0,17.0,94.0,572.0,2.0,4.57454369562551
277,Brooklyn Latin School,Brooklyn,40.7099,-73.94366,676.0,13.5%,19.4%,14.5%,36.1%,625.0,588.0,591.0,97.5%,1804.0,91.0,131.0,98.0,244.0,5.277636845624053
280,Green School: An Academy for Environmental Careers,Brooklyn,40.7099,-73.94366,276.0,1.4%,38.0%,59.1%,0.7%,384.0,398.0,399.0,41.1%,1181.0,4.0,105.0,163.0,2.0,5.277636845624053
281,Lyons Community School,Brooklyn,40.7099,-73.94366,520.0,2.4%,39.8%,55.8%,1.8%,374.0,376.0,357.0,56.3%,1107.0,12.0,207.0,290.0,9.0,5.277636845624053
282,World Academy for Total Community Health High School,Brooklyn,40.66755,-73.8948,284.0,1.4%,75.7%,19.0%,2.5%,380.0,389.0,384.0,40.9%,1153.0,4.0,215.0,54.0,7.0,10.658352452977697
283,FDNY High School for Fire and Life Safety,Brooklyn,40.66755,-73.8948,324.0,1.9%,71.6%,24.4%,1.2%,365.0,369.0,357.0,47.7%,1091.0,6.0,232.0,79.0,4.0,10.658352452977697
284,W. H. Maxwell Career and Technical Education High School,Brooklyn,40.67422,-73.89645,506.0,0.6%,69.6%,28.1%,1.0%,326.0,333.0,350.0,38.5%,1009.0,3.0,352.0,142.0,5.0,10.20266132249156
285,High School for Civil Rights,Brooklyn,40.66755,-73.8948,319.0,1.9%,74.0%,22.9%,0.3%,391.0,373.0,376.0,26.4%,1140.0,6.0,236.0,73.0,1.0,10.658352452977697
286,Performing Arts and Technology High School,Brooklyn,40.66755,-73.8948,406.0,0.5%,80.8%,18.2%,0.2%,375.0,393.0,394.0,39.8%,1162.0,2.0,328.0,74.0,1.0,10.658352452977697
287,East New York Family Academy,Brooklyn,40.66064,-73.88634,479.0,0.4%,67.6%,29.5%,2.2%,464.0,451.0,421.0,66.7%,1336.0,2.0,324.0,141.0,11.0,11.656162537916368
288,Brooklyn Lab School,Brooklyn,40.69114,-73.86843,334.0,0.9%,35.6%,56.9%,5.4%,383.0,376.0,370.0,46.8%,1129.0,3.0,119.0,190.0,18.0,11.872654530012891
289,Multicultural High School,Brooklyn,40.69114,-73.86843,229.0,0.4%,0.0%,99.6%,0.0%,319.0,323.0,284.0,28.6%,926.0,1.0,0.0,228.0,0.0,11.872654530012891
290,"School for Classics: An Academy of Thinkers, Writers, and Performers",Brooklyn,40.67068,-73.87422,308.0,4.2%,60.7%,26.0%,7.8%,387.0,391.0,383.0,52.8%,1161.0,13.0,187.0,80.0,24.0,12.081017464821658
293,Transit Tech Career and Technical Education High School,Brooklyn,40.67823,-73.87597,1093.0,1.3%,63.6%,27.2%,6.1%,387.0,387.0,384.0,37.2%,1158.0,14.0,695.0,297.0,67.0,11.641468696152403
294,Cypress Hills Collegiate Preparatory School,Brooklyn,40.69114,-73.86843,330.0,3.3%,19.7%,71.2%,4.5%,365.0,370.0,362.0,53.8%,1097.0,11.0,65.0,235.0,15.0,11.872654530012891
295,Academy for Young Writers,Brooklyn,40.65752,-73.87478,547.0,1.2%,73.1%,21.9%,1.5%,382.0,413.0,391.0,81.2%,1186.0,7.0,400.0,120.0,8.0,12.677907345597689
296,Academy of Innovative Technology,Brooklyn,40.69114,-73.86843,413.0,1.2%,45.5%,45.5%,5.3%,395.0,376.0,359.0,57.4%,1130.0,5.0,188.0,188.0,22.0,11.872654530012891
297,Fort Hamilton High School,Brooklyn,40.62791,-74.03995,4372.0,34.1%,4.5%,29.2%,30.1%,513.0,456.0,451.0,68.7%,1420.0,1491.0,197.0,1277.0,1316.0,9.854198594942513
298,Midwood High School,Brooklyn,40.63334,-73.95292,3787.0,23.3%,29.8%,12.5%,33.7%,550.0,514.0,516.0,85.7%,1580.0,882.0,1129.0,473.0,1276.0,9.899561793426901
299,PROGRESS High School for Professional Careers,Brooklyn,40.71196,-73.94043,1098.0,0.8%,35.1%,62.6%,1.0%,380.0,377.0,384.0,44.9%,1141.0,9.0,385.0,687.0,11.0,5.541440795163202
300,"High School for Enterprise, Business, and Technology",Brooklyn,40.71196,-73.94043,1001.0,2.5%,36.1%,56.9%,4.0%,463.0,446.0,425.0,54.5%,1334.0,25.0,361.0,570.0,40.0,5.541440795163202
301,Brooklyn Preparatory High School,Brooklyn,40.71504,-73.95465,494.0,2.0%,54.7%,40.3%,2.4%,391.0,406.0,391.0,74.5%,1188.0,10.0,270.0,199.0,12.0,4.3460921182628205
302,El Puente Academy for Peace and Justice,Brooklyn,40.70577,-73.95573,245.0,1.2%,11.8%,85.3%,0.0%,344.0,380.0,379.0,62.5%,1103.0,3.0,29.0,209.0,0.0,4.319141971588921
303,School for Legal Studies,Brooklyn,40.71196,-73.94043,598.0,1.3%,45.8%,50.0%,1.0%,393.0,390.0,394.0,34.8%,1177.0,8.0,274.0,299.0,6.0,5.541440795163202
304,Williamsburg Preparatory School,Brooklyn,40.71504,-73.95465,682.0,10.0%,16.4%,69.6%,2.6%,443.0,440.0,430.0,87.8%,1313.0,68.0,112.0,475.0,18.0,4.3460921182628205
305,Williamsburg High School for Architecture and Design,Brooklyn,40.71504,-73.95465,595.0,4.2%,31.6%,60.0%,2.4%,415.0,424.0,407.0,60.1%,1246.0,25.0,188.0,357.0,14.0,4.3460921182628205
306,Frederick Douglass Academy VII High School,Brooklyn,40.66581,-73.9117,319.0,0.3%,88.1%,11.3%,0.0%,400.0,407.0,394.0,65.4%,1201.0,1.0,281.0,36.0,0.0,9.527182478975954
307,Teachers Preparatory High School,Brooklyn,40.66581,-73.9117,390.0,0.6%,83.0%,15.7%,0.3%,394.0,399.0,412.0,56.6%,1205.0,2.0,324.0,61.0,1.0,9.527182478975954
308,Pathways in Technology Early College High School,Brooklyn,40.6754,-73.93888,438.0,0.7%,85.6%,9.1%,3.0%,446.0,442.0,410.0,69.4%,1298.0,3.0,375.0,40.0,13.0,7.030932491734258
309,Academy for Health Careers,Brooklyn,40.6754,-73.93888,373.0,0.8%,85.5%,8.8%,1.6%,406.0,405.0,396.0,48.1%,1207.0,3.0,319.0,33.0,6.0,7.030932491734258
310,Boys and Girls High School,Brooklyn,40.67943,-73.93243,648.0,1.7%,87.2%,8.6%,0.9%,399.0,392.0,394.0,35.6%,1185.0,11.0,565.0,56.0,6.0,7.23861930279466
312,High School of Sports Management,Brooklyn,40.59359,-73.98473,290.0,5.5%,72.4%,16.9%,3.8%,367.0,374.0,361.0,56.2%,1102.0,16.0,210.0,49.0,11.0,13.359605091986714
313,Brooklyn Studio Secondary School,Brooklyn,40.60488,-73.99442,901.0,53.3%,5.1%,25.0%,16.2%,458.0,434.0,434.0,67.8%,1326.0,480.0,46.0,225.0,146.0,12.024171549912165
314,International High School at Lafayette,Brooklyn,40.59359,-73.98473,358.0,25.7%,8.7%,24.0%,41.1%,424.0,343.0,337.0,84.3%,1104.0,92.0,31.0,86.0,147.0,13.359605091986714
315,Expeditionary Learning School for Community Leaders,Brooklyn,40.59359,-73.98473,271.0,23.2%,17.3%,42.1%,15.5%,420.0,396.0,396.0,75.0%,1212.0,63.0,47.0,114.0,42.0,13.359605091986714
316,New Utrecht High School,Brooklyn,40.61342,-74.00365,3480.0,27.6%,4.0%,29.0%,38.6%,488.0,422.0,417.0,63.2%,1327.0,960.0,139.0,1009.0,1343.0,11.037679815600656
317,Life Academy High School for Film and Music,Brooklyn,40.59359,-73.98473,271.0,13.7%,51.7%,26.6%,7.4%,369.0,379.0,378.0,70.2%,1126.0,37.0,140.0,72.0,20.0,13.359605091986714
318,Kingsborough Early College School,Brooklyn,40.59359,-73.98473,564.0,42.5%,25.7%,24.3%,6.6%,474.0,462.0,449.0,65.8%,1385.0,240.0,145.0,137.0,37.0,13.359605091986714
319,Secondary School for Journalism,Brooklyn,40.6696,-73.97926,285.0,6.3%,46.7%,37.5%,7.4%,408.0,435.0,415.0,58.8%,1258.0,18.0,133.0,107.0,21.0,5.303065532731841
320,Millennium Brooklyn High School,Brooklyn,40.6696,-73.97926,566.0,31.1%,26.0%,27.2%,9.5%,553.0,551.0,539.0,79.6%,1643.0,176.0,147.0,154.0,54.0,5.303065532731841
321,Park Slope Collegiate,Brooklyn,40.6696,-73.97926,423.0,3.6%,46.4%,36.5%,7.9%,405.0,377.0,395.0,59.6%,1177.0,15.0,196.0,154.0,33.0,5.303065532731841
322,Secondary School for Law,Brooklyn,40.6696,-73.97926,351.0,3.4%,66.4%,25.9%,2.0%,420.0,424.0,414.0,74.7%,1258.0,12.0,233.0,91.0,7.0,5.303065532731841
323,Bedford Academy High School,Brooklyn,40.68538,-73.95427,364.0,0.8%,84.6%,7.7%,3.0%,505.0,464.0,456.0,96.2%,1425.0,3.0,308.0,28.0,11.0,5.327892920860886
325,Brooklyn High School of the Arts,Brooklyn,40.68365,-73.98047,870.0,2.0%,70.3%,22.5%,1.7%,439.0,441.0,436.0,80.6%,1316.0,17.0,612.0,196.0,15.0,3.890287422310974
326,Brooklyn Technical High School,Brooklyn,40.68811,-73.97675,5447.0,20.5%,7.7%,7.6%,60.5%,682.0,608.0,606.0,95.5%,1896.0,1117.0,419.0,414.0,3295.0,3.6916712304549173
327,Brooklyn College Academy,Brooklyn,40.6492,-73.97169,605.0,4.6%,72.2%,9.1%,7.9%,502.0,495.0,493.0,98.1%,1490.0,28.0,437.0,55.0,48.0,7.635052681849066
328,High School of Telecommunication Arts and Technology,Brooklyn,40.63725,-74.02382,1329.0,16.3%,7.7%,56.7%,18.0%,475.0,440.0,445.0,81.6%,1360.0,217.0,102.0,754.0,239.0,8.523856652940442
329,EBC High School for Public Service in Bushwick,Brooklyn,40.69448,-73.92915,514.0,0.2%,8.0%,90.7%,0.4%,389.0,374.0,378.0,50.0%,1141.0,1.0,41.0,466.0,2.0,6.805838730107942
330,Brooklyn High School for Law and Technology,Brooklyn,40.68893,-73.92108,596.0,1.2%,71.1%,23.8%,2.5%,395.0,401.0,383.0,62.7%,1179.0,7.0,424.0,142.0,15.0,7.650824628495511
331,Brooklyn Academy of Global Finance,Brooklyn,40.69154,-73.93373,152.0,2.0%,71.7%,20.4%,5.9%,395.0,382.0,391.0,45.9%,1168.0,3.0,109.0,31.0,9.0,6.548146801655028
333,Bushwick Leaders High School for Academic Excellence,Brooklyn,40.695,-73.92799,317.0,0.3%,16.7%,81.4%,0.9%,393.0,368.0,382.0,46.8%,1143.0,1.0,53.0,258.0,3.0,6.882621057865742
334,Automotive High School,Brooklyn,40.72264,-73.95258,383.0,2.9%,55.9%,38.1%,1.6%,367.0,381.0,328.0,31.6%,1076.0,11.0,214.0,146.0,6.0,4.644008097542343
335,Frances Perkins Academy,Brooklyn,40.72264,-73.95258,142.0,2.1%,62.7%,32.4%,0.7%,399.0,413.0,400.0,46.3%,1212.0,3.0,89.0,46.0,1.0,4.644008097542343
336,John Dewey High School,Brooklyn,40.58924,-73.98175,2006.0,13.7%,28.6%,20.7%,35.8%,512.0,418.0,396.0,62.7%,1326.0,275.0,574.0,415.0,718.0,13.873432086326268
337,Rachel Carson High School for Coastal Studies,Brooklyn,40.58212,-73.97289,560.0,43.6%,22.5%,22.3%,10.2%,436.0,430.0,421.0,68.4%,1287.0,244.0,126.0,125.0,57.0,14.779390155016692
338,Brooklyn School for Music and Theatre,Brooklyn,40.6703,-73.96165,386.0,0.8%,82.6%,15.8%,0.8%,382.0,393.0,377.0,72.2%,1152.0,3.0,319.0,61.0,3.0,6.0271933770654025
339,Brooklyn Academy of Science and the Environment,Brooklyn,40.6703,-73.96165,453.0,1.3%,80.1%,12.6%,5.3%,419.0,411.0,416.0,58.5%,1246.0,6.0,363.0,57.0,24.0,6.0271933770654025
340,Medgar Evers College Preparatory School,Brooklyn,40.66716,-73.95086,1271.0,0.6%,90.9%,3.3%,2.9%,525.0,500.0,481.0,89.0%,1506.0,8.0,1155.0,42.0,37.0,6.885546792662406
341,Clara Barton High School,Brooklyn,40.67027,-73.96165,1499.0,0.9%,89.5%,5.7%,1.8%,408.0,424.0,407.0,55.0%,1239.0,13.0,1342.0,85.0,27.0,6.029802897873996
342,International High School at Prospect Heights,Brooklyn,40.6703,-73.96165,414.0,13.3%,29.0%,38.9%,18.4%,344.0,302.0,300.0,81.7%,946.0,55.0,120.0,161.0,76.0,6.0271933770654025
343,High School for Global Citizenship,Brooklyn,40.6703,-73.96165,246.0,2.8%,82.1%,13.0%,1.6%,377.0,386.0,375.0,61.9%,1138.0,7.0,202.0,32.0,4.0,6.0271933770654025
344,"Science, Technology, and Research Early College High School at Erasmus",Brooklyn,40.64944,-73.95843,516.0,0.9%,87.1%,6.4%,4.0%,496.0,491.0,484.0,91.5%,1471.0,5.0,449.0,33.0,21.0,8.104187154173436
345,Academy for College Preparation and Career Exploration (College Board),Brooklyn,40.64944,-73.95843,505.0,0.8%,84.6%,12.3%,1.7%,386.0,397.0,393.0,57.3%,1176.0,4.0,427.0,62.0,9.0,8.104187154173436
346,High School for Youth and Community Development at Erasmus,Brooklyn,40.64944,-73.95843,384.0,2.1%,85.4%,8.9%,2.3%,360.0,382.0,359.0,63.2%,1101.0,8.0,328.0,34.0,9.0,8.104187154173436
347,High School for Service and Learning at Erasmus,Brooklyn,40.64944,-73.95843,445.0,2.0%,82.5%,10.6%,2.7%,377.0,382.0,356.0,45.5%,1115.0,9.0,367.0,47.0,12.0,8.104187154173436
348,Academy of Hospitality and Tourism,Brooklyn,40.64944,-73.95843,285.0,1.1%,84.6%,10.2%,3.5%,374.0,385.0,375.0,62.0%,1134.0,3.0,241.0,29.0,10.0,8.104187154173436
349,James Madison High School,Brooklyn,40.60976,-73.94845,3088.0,44.3%,17.4%,16.7%,21.2%,492.0,450.0,444.0,69.0%,1386.0,1368.0,537.0,516.0,655.0,12.434278458459671
350,Edward R. Murrow High School,Brooklyn,40.6205,-73.95923,3968.0,26.7%,22.6%,21.7%,26.6%,500.0,479.0,472.0,75.2%,1451.0,1059.0,897.0,861.0,1055.0,10.98617740336703
351,Brooklyn Secondary School for Collaborative Studies,Brooklyn,40.67986,-74.00148,685.0,9.3%,38.5%,45.3%,5.8%,401.0,411.0,404.0,84.1%,1216.0,64.0,264.0,310.0,40.0,3.6778179624206397
352,Sunset Park High School,Brooklyn,40.65595,-74.0055,1333.0,6.8%,8.5%,77.3%,7.3%,398.0,380.0,381.0,61.6%,1159.0,91.0,113.0,1030.0,97.0,6.31320961631391
353,Brooklyn Collegiate (College Board),Brooklyn,40.67414,-73.91349,353.0,0.3%,87.5%,9.6%,1.4%,394.0,395.0,399.0,64.4%,1188.0,1.0,309.0,34.0,5.0,8.92032336738974
354,Gotham Professional Arts Academy,Brooklyn,40.68046,-73.9222,226.0,1.3%,81.9%,14.6%,0.9%,377.0,396.0,386.0,50.7%,1159.0,3.0,185.0,33.0,2.0,7.941210411412769
356,Leon M. Goldstein High School for the Sciences,Brooklyn,40.58085,-73.93609,1081.0,59.1%,10.2%,10.6%,18.7%,563.0,534.0,543.0,94.0%,1640.0,639.0,110.0,115.0,202.0,15.80082675979222
357,Abraham Lincoln High School,Brooklyn,40.58231,-73.96747,2341.0,20.1%,39.8%,23.7%,15.1%,441.0,422.0,422.0,54.9%,1285.0,471.0,932.0,555.0,353.0,14.852484148499588
359,William E. Grady Career and Technical Education High School,Brooklyn,40.58255,-73.96372,613.0,6.4%,68.7%,18.1%,5.4%,416.0,423.0,387.0,31.4%,1226.0,39.0,421.0,111.0,33.0,14.899413568502913
360,Urban Action Academy,Brooklyn,40.64184,-73.89869,309.0,4.2%,79.0%,12.3%,2.9%,362.0,396.0,393.0,44.9%,1151.0,13.0,244.0,38.0,9.0,12.0167601776776
361,Brooklyn Generation School,Brooklyn,40.63263,-73.9178,286.0,1.4%,85.0%,8.7%,1.7%,392.0,406.0,403.0,50.0%,1201.0,4.0,243.0,25.0,5.0,11.613320680106051
362,High School for Medical Professions,Brooklyn,40.64184,-73.89869,432.0,0.2%,81.9%,13.2%,2.8%,404.0,427.0,424.0,60.2%,1255.0,1.0,354.0,57.0,12.0,12.0167601776776
363,High School for Innovation in Advertising and Media,Brooklyn,40.64184,-73.89869,303.0,2.6%,85.8%,9.6%,1.3%,390.0,410.0,397.0,59.1%,1197.0,8.0,260.0,29.0,4.0,12.0167601776776
364,Victory Collegiate High School,Brooklyn,40.63263,-73.9178,331.0,1.2%,88.8%,6.3%,0.9%,386.0,408.0,402.0,72.7%,1196.0,4.0,294.0,21.0,3.0,11.613320680106051
365,Brooklyn Theatre Arts High School,Brooklyn,40.63263,-73.9178,395.0,1.8%,82.0%,13.2%,0.5%,379.0,393.0,373.0,69.1%,1145.0,7.0,324.0,52.0,2.0,11.613320680106051
366,Academy for Conservation and the Environment,Brooklyn,40.63263,-73.9178,308.0,1.3%,86.0%,9.7%,1.6%,381.0,397.0,390.0,50.8%,1168.0,4.0,265.0,30.0,5.0,11.613320680106051
367,All City Leadership Secondary School,Brooklyn,40.69741,-73.91315,358.0,1.7%,14.6%,77.0%,6.2%,467.0,446.0,448.0,85.0%,1361.0,6.0,52.0,276.0,22.0,8.030625592894095
369,Bushwick School for Social Justice,Brooklyn,40.69696,-73.91082,405.0,2.5%,20.5%,76.0%,0.5%,365.0,357.0,357.0,50.0%,1079.0,10.0,83.0,308.0,2.0,8.233685094761874
370,Academy for Environmental Leadership,Brooklyn,40.69696,-73.91082,340.0,1.5%,19.4%,77.1%,1.8%,365.0,366.0,348.0,71.3%,1079.0,5.0,66.0,262.0,6.0,8.233685094761874
371,Academy of Urban Planning,Brooklyn,40.69696,-73.91082,279.0,0.7%,23.3%,73.8%,0.7%,392.0,374.0,379.0,41.9%,1145.0,2.0,65.0,206.0,2.0,8.233685094761874
372,ACORN Community High School,Brooklyn,40.67851,-73.96207,504.0,1.6%,83.5%,12.9%,1.0%,379.0,395.0,385.0,61.3%,1159.0,8.0,421.0,65.0,5.0,5.31846266882087
373,Flushing High School,Flushing,40.76524,-73.82786,2186.0,3.7%,23.7%,51.1%,20.3%,444.0,407.0,405.0,46.1%,1256.0,81.0,518.0,1117.0,444.0,16.134379299797864
376,East-West School of International Studies,Flushing,40.7493,-73.82181,666.0,5.3%,14.9%,18.3%,60.7%,521.0,457.0,451.0,89.4%,1429.0,35.0,99.0,122.0,404.0,16.078949493630994
377,Flushing International High School,Flushing,40.76041,-73.81838,437.0,2.5%,2.5%,38.4%,55.6%,481.0,323.0,323.0,67.7%,1127.0,11.0,11.0,168.0,243.0,16.70674652239809
378,World Journalism Preparatory (College Board),Flushing,40.76512,-73.79006,610.0,50.3%,9.1%,22.7%,15.8%,484.0,491.0,487.0,89.2%,1462.0,307.0,56.0,138.0,96.0,19.142655830711142
379,Bayside High School,Bayside,40.77187,-73.78039,3336.0,18.1%,13.0%,27.9%,40.3%,523.0,479.0,485.0,76.7%,1487.0,604.0,434.0,931.0,1344.0,20.152907067524016
380,Benjamin N. Cardozo High School,Oakland Gardens,40.75239,-73.75608,3505.0,14.9%,20.3%,19.4%,44.1%,563.0,505.0,510.0,75.6%,1578.0,522.0,712.0,680.0,1546.0,21.56471536731913
381,Francis Lewis High School,Fresh Meadows,40.74056,-73.79285,4172.0,14.9%,7.4%,23.1%,53.9%,562.0,483.0,485.0,80.7%,1530.0,622.0,309.0,964.0,2249.0,18.26924884589344
382,Queens School of Inquiry,Fresh Meadows,40.72452,-73.80943,557.0,19.2%,19.5%,21.8%,36.2%,516.0,493.0,486.0,88.2%,1495.0,107.0,109.0,121.0,202.0,16.659488887413286
383,Robert F. Kennedy Community High School,Fresh Meadows,40.7256,-73.81072,701.0,18.3%,13.0%,35.5%,31.2%,460.0,426.0,423.0,67.3%,1309.0,128.0,91.0,249.0,219.0,16.560559417755268
384,John Bowne High School,Flushing,40.7387,-73.82479,3667.0,4.5%,18.4%,46.0%,29.4%,467.0,422.0,425.0,62.1%,1314.0,165.0,675.0,1687.0,1078.0,15.576984883867487
385,Townsend Harris High School,Flushing,40.73441,-73.82142,1132.0,21.9%,6.3%,11.6%,58.6%,680.0,640.0,661.0,97.1%,1981.0,248.0,71.0,131.0,663.0,15.777925982321912
386,High School for Arts and Business,Corona,40.73742,-73.85331,870.0,4.1%,7.8%,77.2%,10.2%,413.0,405.0,393.0,76.7%,1211.0,36.0,68.0,672.0,89.0,13.186368124627442
387,Civic Leadership Academy,Elmhurst,40.7433,-73.87057,479.0,5.6%,7.9%,71.8%,9.8%,435.0,424.0,418.0,68.9%,1277.0,27.0,38.0,344.0,47.0,11.93193783921903
388,Maspeth High School,Elmhurst,40.72954,-73.88739,973.0,35.8%,2.0%,44.6%,17.5%,476.0,471.0,480.0,90.0%,1427.0,348.0,19.0,434.0,170.0,10.192170462246272
389,Pan American International High School,Elmhurst,40.7433,-73.87057,378.0,0.0%,0.0%,99.7%,0.3%,340.0,320.0,318.0,31.9%,978.0,0.0,0.0,377.0,1.0,11.93193783921903
391,Newtown High School,Elmhurst,40.74121,-73.87473,1921.0,4.3%,8.3%,61.4%,24.0%,434.0,401.0,389.0,39.1%,1224.0,83.0,159.0,1179.0,461.0,11.529896260138171
392,Forest Hills High School,Forest Hills,40.72943,-73.84563,3840.0,30.0%,9.6%,33.8%,24.6%,517.0,485.0,483.0,72.8%,1485.0,1152.0,369.0,1298.0,945.0,13.674741505032284
394,Queens Metropolitan High School,Forest Hills,40.71044,-73.85063,1035.0,35.7%,4.2%,46.9%,11.0%,460.0,448.0,449.0,76.4%,1357.0,369.0,43.0,485.0,114.0,13.131506117191801
395,Grover Cleveland High School,Ridgewood,40.71122,-73.90865,1828.0,18.9%,4.5%,65.7%,9.7%,452.0,422.0,416.0,38.9%,1290.0,345.0,82.0,1201.0,177.0,8.227977354295541
397,Humanities and Arts Magnet High School,Cambria Heights,40.69554,-73.73492,525.0,1.1%,81.0%,11.8%,5.5%,384.0,409.0,401.0,60.2%,1194.0,6.0,425.0,62.0,29.0,22.989066257153198
399,"Mathematics, Science Research, and Technology Magnet High School",Cambria Heights,40.69554,-73.73492,433.0,1.6%,72.3%,11.8%,9.9%,380.0,418.0,388.0,54.9%,1186.0,7.0,313.0,51.0,43.0,22.989066257153198
400,Pathways College Preparatory School (College Board),Saint Albans,40.70639,-73.75353,599.0,1.3%,89.7%,5.7%,2.8%,405.0,427.0,409.0,72.4%,1241.0,8.0,537.0,34.0,17.0,21.34643239582048
401,Excelsior Preparatory High School,Springfield Gardens,40.66823,-73.75684,491.0,1.2%,82.7%,9.2%,3.7%,384.0,407.0,400.0,70.1%,1191.0,6.0,406.0,45.0,18.0,21.634613913283246
402,Preparatory Academy for Writers (College Board),Springfield Gardens,40.66823,-73.75684,552.0,2.4%,81.0%,8.4%,4.2%,398.0,410.0,393.0,69.5%,1201.0,13.0,447.0,46.0,23.0,21.634613913283246
403,Queens Preparatory Academy,Springfield Gardens,40.66823,-73.75684,492.0,1.0%,80.7%,9.1%,4.3%,423.0,422.0,403.0,83.7%,1248.0,5.0,397.0,45.0,21.0,21.634613913283246
404,George Washington Carver High School for the Sciences,Springfield Gardens,40.66823,-73.75684,509.0,1.8%,75.6%,11.4%,9.4%,439.0,428.0,419.0,63.5%,1286.0,9.0,385.0,58.0,48.0,21.634613913283246
405,"High School for Construction Trades, Engineering, and Architecture",Ozone Park,40.6894,-73.84064,959.0,12.3%,10.7%,35.6%,35.5%,489.0,457.0,451.0,78.9%,1397.0,118.0,103.0,341.0,340.0,14.214781396539967
406,John Adams High School,Ozone Park,40.67983,-73.83832,2634.0,2.9%,23.9%,37.9%,31.0%,418.0,401.0,395.0,38.4%,1214.0,76.0,630.0,998.0,817.0,14.63762133481422
407,Robert H. Goddard High School of Communication Arts and Technology,Ozone Park,40.67177,-73.84498,602.0,17.6%,7.3%,41.7%,29.4%,426.0,435.0,424.0,85.1%,1285.0,106.0,44.0,251.0,177.0,14.352660714102845
408,Richmond Hill High School,Richmond Hill,40.69565,-73.83358,2175.0,5.4%,13.6%,48.2%,31.4%,413.0,406.0,399.0,37.9%,1218.0,117.0,296.0,1048.0,683.0,14.695172111267176
411,Cambria Heights Academy,Hollis,40.71182,-73.77119,372.0,2.2%,79.0%,9.1%,6.7%,418.0,424.0,411.0,58.5%,1253.0,8.0,294.0,34.0,25.0,19.841725227568958
412,"Queens High School of Teaching, Liberal Arts, and the Sciences",Bellerose,40.7449,-73.72691,1120.0,8.4%,48.1%,17.5%,24.8%,453.0,434.0,439.0,72.4%,1326.0,94.0,539.0,196.0,278.0,23.845192280520582
414,Martin Van Buren High School,Queens Village,40.73282,-73.73965,1742.0,3.6%,52.7%,13.0%,27.0%,397.0,396.0,391.0,40.0%,1184.0,63.0,918.0,226.0,470.0,22.612569918844073
415,Queens Gateway to Health Sciences Secondary School,Jamaica,40.71881,-73.8065,779.0,2.9%,38.2%,14.2%,43.3%,524.0,511.0,514.0,92.5%,1549.0,23.0,298.0,111.0,337.0,16.870061185458642
416,Jamaica Gateway to the Sciences,Jamaica,40.71358,-73.79652,516.0,2.3%,42.6%,10.9%,40.7%,487.0,460.0,463.0,78.6%,1410.0,12.0,220.0,56.0,210.0,17.701023702490808
417,High School for Community Leadership,Jamaica,40.71358,-73.79652,418.0,4.5%,42.3%,26.6%,22.7%,415.0,392.0,386.0,72.3%,1193.0,19.0,177.0,111.0,95.0,17.701023702490808
418,Young Women's Leadership School in Queens,Jamaica,40.70821,-73.80408,557.0,1.9%,47.5%,19.7%,26.9%,415.0,420.0,433.0,90.4%,1268.0,11.0,265.0,110.0,150.0,17.070297968654028
419,Queens Collegiate (College Board),Jamaica,40.71358,-73.79652,661.0,4.1%,53.4%,16.1%,24.8%,455.0,439.0,441.0,74.8%,1335.0,27.0,353.0,106.0,164.0,17.701023702490808
420,Hillcrest High School,Jamaica,40.70876,-73.80213,3286.0,3.8%,30.3%,28.8%,34.5%,448.0,432.0,426.0,51.8%,1306.0,125.0,996.0,946.0,1134.0,17.23323543296368
421,Thomas A. Edison Career and Technical Education High School,Jamaica,40.71588,-73.79882,2098.0,4.2%,20.9%,22.4%,49.0%,514.0,473.0,470.0,80.0%,1457.0,88.0,438.0,470.0,1028.0,17.509504274703808
422,Hillside Arts and Letters Academy,Jamaica,40.71358,-73.79652,464.0,3.0%,37.7%,24.4%,27.8%,409.0,399.0,404.0,62.6%,1212.0,14.0,175.0,113.0,129.0,17.701023702490808
423,York Early College Academy,Jamaica,40.69694,-73.78698,611.0,1.2%,58.0%,10.3%,28.7%,496.0,481.0,473.0,92.9%,1450.0,7.0,354.0,63.0,175.0,18.59283819649625
424,Queens High School for the Sciences at York College,Jamaica,40.701,-73.79815,426.0,6.1%,7.0%,10.6%,75.4%,701.0,621.0,625.0,97.9%,1947.0,26.0,30.0,45.0,321.0,17.613541823724333
425,High School for Law Enforcement and Public Safety,Jamaica,40.68618,-73.78408,604.0,1.8%,66.4%,18.9%,10.4%,410.0,431.0,409.0,56.6%,1250.0,11.0,401.0,114.0,63.0,18.987345161812417
427,August Martin High School,Jamaica,40.67553,-73.78343,679.0,1.5%,75.4%,13.0%,7.5%,366.0,372.0,364.0,26.3%,1102.0,10.0,512.0,88.0,51.0,19.26214270597412
428,Frederick Douglass Academy VI High School,Far Rockaway,40.60199,-73.76283,409.0,0.7%,59.7%,37.9%,1.5%,410.0,418.0,407.0,30.1%,1235.0,3.0,244.0,155.0,6.0,23.965056187835884
429,Academy of Medical Technology (College Board),Far Rockaway,40.60199,-73.76283,637.0,2.7%,50.1%,37.7%,6.6%,422.0,424.0,415.0,67.6%,1261.0,17.0,319.0,240.0,42.0,23.965056187835884
430,"Queens High School for Information, Research, and Technology",Far Rockaway,40.60199,-73.76283,381.0,2.1%,49.1%,43.6%,4.2%,372.0,362.0,352.0,44.6%,1086.0,8.0,187.0,166.0,16.0,23.965056187835884
431,Rockaway Park High School for Environmental Sustainability,Rockaway Park,40.58601,-73.82309,368.0,14.7%,46.7%,30.2%,3.5%,357.0,381.0,376.0,38.5%,1114.0,54.0,172.0,111.0,13.0,20.91818725860176
432,Channel View School for Research,Rockaway Park,40.58601,-73.82309,683.0,10.7%,53.2%,29.1%,6.0%,427.0,430.0,423.0,76.6%,1280.0,73.0,363.0,199.0,41.0,20.91818725860176
433,Rockaway Collegiate High School,Rockaway Park,40.58601,-73.82309,397.0,3.8%,52.6%,33.5%,5.0%,399.0,403.0,405.0,46.5%,1207.0,15.0,209.0,133.0,20.0,20.91818725860176
434,Scholars' Academy,Rockaway Park,40.58413,-73.82568,1302.0,34.7%,22.7%,19.6%,21.4%,588.0,560.0,568.0,99.2%,1716.0,452.0,296.0,255.0,279.0,20.899030072406283
